param,value
trainingTime,26.72
predictTime,0.03666090965270996
score,0.6844837261503928
TrainingLoss,0.5613907034647542
lossCurve,"[0.76667047015061951, 1.1210311652703528, 0.69848803428377182, 0.65267576647553172, 0.6312036996923247, 0.61741424098281372, 0.60772259311647736, 0.60057848611344344, 0.5950513530587741, 0.59072043686120923, 0.58732988548514509, 0.58456887116478418, 0.58236698846929758, 0.58040037103338682, 0.57882896529076044, 0.57755881303473433, 0.57638944113760648, 0.57548672456641237, 0.5747123866649777, 0.57393137735485211, 0.5733160088441327, 0.57279855550389436, 0.57228005028141038, 0.57175012380625012, 0.57130962885754688, 0.57091829360875113, 0.57052143614935458, 0.57016491120081014, 0.56986094002960386, 0.56952473686879224, 0.56923532191869997, 0.56890758007612774, 0.56865449832299741, 0.56836015347115154, 0.56814920871415142, 0.567907699072837, 0.56767568156912629, 0.56739600538331947, 0.5672013192881098, 0.56700117003487638, 0.56680740111109351, 0.5666208854892838, 0.5664256879494306, 0.56626833180782343, 0.56600434521846799, 0.56589955158432537, 0.56572997318370588, 0.56552638768847086, 0.56538483076090906, 0.56519707677198283, 0.5650168972162527, 0.56489422646055687, 0.56473346578908146, 0.56460397904363169, 0.5644660181937694, 0.56432418384898531, 0.56419796989944948, 0.56405448946655445, 0.56395616943729965, 0.56377479447568279, 0.56364428218710927, 0.56352108120926747, 0.5634153614423697, 0.56333231598735234, 0.56320313311732728, 0.56309152596846523, 0.56296849818145245, 0.56283051481554258, 0.5627366160128886, 0.5626412152843191, 0.56248864556456735, 0.5624108601695097, 0.56231376254771548, 0.5621702470027431, 0.56212374314481417, 0.56197158253512713, 0.56188106877178101, 0.56181431493256773, 0.5616800965157227, 0.56158813341096292, 0.56148831911622865, 0.56139070346475417]"
accuracy_score,0.6830306005563738
confusion_matrix,"[[2657  181  268]
 [1321  490   22]
 [ 135   10 1027]]"
classification_report,"             precision    recall  f1-score   support

          A       0.65      0.86      0.74      3106
          B       0.72      0.27      0.39      1833
          C       0.78      0.88      0.83      1172

avg / total       0.69      0.68      0.65      6111
"
