param,value
trainingTime,3.6
predictTime,0.02244400978088379
score,0.6736111111111112
TrainingLoss,0.5814431934920838
lossCurve,"[0.93189769354086349, 0.75941729776043843, 0.69728967335344638, 0.6728415838284405, 0.65703686393283078, 0.63996917386296392, 0.64157112505918978, 0.63163154527701226, 0.62813621926071195, 0.62343732149418263, 0.62166352334087094, 0.62637260636179037, 0.61638510016103931, 0.61253568364319333, 0.62349917537650257, 0.61166262490320789, 0.6109514517003225, 0.60842074442671235, 0.60710587233777169, 0.60218428388900369, 0.59955807563987873, 0.60156906871583737, 0.60627986634698605, 0.59467859387793975, 0.59273875930419295, 0.59351043064078701, 0.59686229547141001, 0.59216483949703902, 0.59134225451431521, 0.58870519466580662, 0.58779767984828579, 0.58379425516525729, 0.58410959039598209, 0.58191005927847161, 0.57910630846885824, 0.58002834494027444, 0.57900863886511178, 0.58144319349208384]"
accuracy_score,0.6799214531173294
confusion_matrix,"[[2826   61  219]
 [1432  384   17]
 [ 219    8  945]]"
classification_report,"             precision    recall  f1-score   support

          A       0.63      0.91      0.75      3106
          B       0.85      0.21      0.34      1833
          C       0.80      0.81      0.80      1172

avg / total       0.73      0.68      0.63      6111
"
