param,value
trainingTime,18.21
predictTime,0.03272700309753418
score,0.6877104377104377
TrainingLoss,0.5563849272898411
lossCurve,"[0.72445723656373484, 0.71367183625019348, 0.58381123007063129, 0.57625804168289463, 0.57308693238300579, 0.57096102211170519, 0.56923850726209901, 0.56800817861880037, 0.56698387644093018, 0.56615893731440325, 0.56544309069509391, 0.56476499164767135, 0.56423561483890494, 0.56372328943083327, 0.56327506619464018, 0.56292212077946102, 0.56252866265579082, 0.56219871565412727, 0.56194123076014868, 0.56162197316668749, 0.56131766124897731, 0.56109434308910056, 0.56086758691260641, 0.56060988557605118, 0.56037092494215646, 0.56017607701193461, 0.55998499311154404, 0.55981071152015816, 0.55962058485128718, 0.55947388823375477, 0.55931204586812056, 0.55916343367388732, 0.55898513781593973, 0.5588521695471057, 0.558743234080187, 0.55861846467424525, 0.55849100775925209, 0.55831007578935432, 0.55818512443863655, 0.55806280479957071, 0.55793084974572793, 0.55782316112234542, 0.55767571685102535, 0.55760739340429566, 0.55742938000789788, 0.55736430259490255, 0.55723203433969803, 0.55712992417151563, 0.55703420685375415, 0.55692068523376859, 0.55680881863497556, 0.55673552905396873, 0.55662779496009418, 0.55654771382586554, 0.55647732539076211, 0.55638492728984112]"
accuracy_score,0.6809032891507119
confusion_matrix,"[[2656  188  262]
 [1340  473   20]
 [ 132    8 1032]]"
classification_report,"             precision    recall  f1-score   support

          A       0.64      0.86      0.73      3106
          B       0.71      0.26      0.38      1833
          C       0.79      0.88      0.83      1172

avg / total       0.69      0.68      0.65      6111
"
