param,value
trainingTime,6.56
predictTime,0.03946399688720703
score,0.7272727272727273
TrainingLoss,0.5242982085723884
lossCurve,"[0.76667047015061951, 0.58679083399511489, 0.58711452746665094, 0.56591136085290583, 0.55908365794915904, 0.56405194558966154, 0.54763867742477235, 0.54356556480337292, 0.54238210098913808, 0.54164289463052806, 0.53604585740541966, 0.54142752850964437, 0.52930318814982102, 0.52780763765650085, 0.51708558400801263, 0.52672167214571175, 0.52851999349462253, 0.5242982085723884]"
accuracy_score,0.711340206185567
confusion_matrix,"[[2287  583  236]
 [ 796 1026   11]
 [ 125   13 1034]]"
classification_report,"             precision    recall  f1-score   support

          A       0.71      0.74      0.72      3106
          B       0.63      0.56      0.59      1833
          C       0.81      0.88      0.84      1172

avg / total       0.71      0.71      0.71      6111
"
