param,value
trainingTime,3.4
predictTime,0.039927005767822266
score,0.5873316498316499
TrainingLoss,0.7374797672002716
lossCurve,"[1.2551130267410022, 0.86925258086208534, 0.86668278292738066, 0.92990333448695972, 0.75710576087700976, 0.71566455877653357, 0.72248153000585935, 0.73339021483340605, 0.73747976720027164]"
accuracy_score,0.5766650302732776
confusion_matrix,"[[ 835 1676  595]
 [ 150 1568  115]
 [  32   19 1121]]"
classification_report,"             precision    recall  f1-score   support

          A       0.82      0.27      0.41      3106
          B       0.48      0.86      0.62      1833
          C       0.61      0.96      0.75      1172

avg / total       0.68      0.58      0.53      6111
"
