param,value
trainingTime,4.94
predictTime,0.027235984802246094
TrainingLoss,0.007014826720918029
lossCurve,"[0.097773210792225992, 0.029530106340106447, 0.022419884000597929, 0.019050723434680686, 0.016950827149580468, 0.01550632025856459, 0.014416040384359704, 0.013540921277541388, 0.012838891351515364, 0.012269525814315231, 0.011770376583761732, 0.011322425852846939, 0.010929416341726185, 0.010593915609643626, 0.010280902189405909, 0.010038194052632867, 0.0097478795045369444, 0.0095302396425441405, 0.0093222435210311063, 0.0091031216079853934, 0.0089399113434362413, 0.0087925487209692885, 0.0086123800777989038, 0.008450030767822421, 0.008313452226804928, 0.0081972663232060747, 0.0080372069595371909, 0.0079489931607487942, 0.0078221911833758657, 0.0076957965726044174, 0.0076343682510079123, 0.0075237790740002473, 0.0074384442820659598, 0.0073480323335901876, 0.0072606834848766852, 0.0071073917750849635, 0.007093053670258205, 0.0070787502955584518, 0.0070588019000471236, 0.0070299712920387806, 0.0070273615138900149, 0.0070238801235666835, 0.0070179219250954966, 0.0070173227421698788, 0.0070167523528771357, 0.0070154371096592125, 0.0070153198900344427, 0.007015203472474813, 0.0070149536451718873, 0.0070149238378099154, 0.0070148979776681044, 0.0070148515845024247, 0.0070148458294958284, 0.0070148395324151382, 0.0070148312488527908, 0.0070148301650925105, 0.0070148290462853759, 0.0070148270650249658, 0.0070148269156299582, 0.0070148267209180293]"
accuracy_score,0.9978726885943381
confusion_matrix,"[[3099    6    1]
 [   3 1828    2]
 [   1    0 1171]]"
classification_report,"             precision    recall  f1-score   support

         PC       1.00      1.00      1.00      3106
        NTP       1.00      1.00      1.00      1833
        AFP       1.00      1.00      1.00      1172

avg / total       1.00      1.00      1.00      6111
"
