param,value
predictTime,0.24716711044311523
TrainingLoss,0.0024957445856927966
lossCurve,"[0.067940699748068267, 0.018200669801950634, 0.013951260171518603, 0.012279985137268277, 0.010539497657082056, 0.010306683938680491, 0.0084047117855050521, 0.0076732265856275777, 0.0096259963409869118, 0.006618435091945752, 0.0071688278911763749, 0.0064529911088960137, 0.0073493380248833085, 0.0063061689678247075, 0.0060833309225291274, 0.0059306391388695987, 0.007346034649858591, 0.0053854542659553398, 0.0073207584932860484, 0.0057654362158184322, 0.0046643618994435419, 0.0058845478746527092, 0.0055938669223131576, 0.004892381732069742, 0.0031120449570060361, 0.0029100811260115234, 0.0028008462784533789, 0.0027876653332888964, 0.0027773332163729893, 0.0027349741869873594, 0.0025782351292794798, 0.0025566749321795845, 0.0025548809129929753, 0.0025460819145362297, 0.0025095973512229181, 0.002507386949689501, 0.0025065455835144332, 0.0024986300526989198, 0.0024981359233587821, 0.0024978618527895825, 0.0024962996054543182, 0.0024962045285395469, 0.002496184729070676, 0.0024958494481743202, 0.0024958382596988525, 0.0024958304241639367, 0.0024957627159923747, 0.0024957600945627908, 0.0024957582576030203, 0.0024957453894607858, 0.0024957453315343102, 0.0024957445856927966]"
accuracy_score,0.9970559371933267
confusion_matrix,"[[506   1   1]
 [  1 316   0]
 [  0   0 194]]"
classification_report,"             precision    recall  f1-score   support

         PC       1.00      1.00      1.00       508
        NTP       1.00      1.00      1.00       317
        AFP       0.99      1.00      1.00       194

avg / total       1.00      1.00      1.00      1019
"
