param,value
predictTime,1.1789848804473877
TrainingLoss,0.0031471715418798364
lossCurve,"[0.076721712130345426, 0.019285623305190652, 0.015707564840370936, 0.012895574283422934, 0.011708665795362266, 0.012976997941588806, 0.010692873763221996, 0.0080981300718904418, 0.0085832946411219385, 0.0079509429803871646, 0.0073585139786609428, 0.0073167630071465494, 0.0067676750064711811, 0.0077710961579447631, 0.0063255246340581548, 0.0072582075910040287, 0.0070702709604383495, 0.0065071643824168163, 0.0043368737725880211, 0.003626953489786474, 0.0035631006490518683, 0.0035193753637065613, 0.0034721101935400339, 0.00326266709500821, 0.0032341097914417331, 0.0032238223058954963, 0.0032136068071148987, 0.0031653139938975904, 0.0031643003484965069, 0.0031594050237780166, 0.0031507948563543032, 0.0031504330584851323, 0.0031500796938578853, 0.0031479181814437793, 0.0031478151481307576, 0.0031477657664958809, 0.0031473174140975975, 0.0031472937033969221, 0.0031472864564942443, 0.0031471926484919121, 0.0031471914171125265, 0.0031471887959293476, 0.0031471720382851083, 0.0031471713552677369, 0.0031471715418798364]"
accuracy_score,0.9984289080911233
confusion_matrix,"[[2552    4    1]
 [   2 1554    0]
 [   1    0  978]]"
classification_report,"             precision    recall  f1-score   support

         PC       1.00      1.00      1.00      2557
        NTP       1.00      1.00      1.00      1556
        AFP       1.00      1.00      1.00       979

avg / total       1.00      1.00      1.00      5092
"
