param,value
trainingTime,10.65
predictTime,0.03918099403381348
score,0.7051066217732884
TrainingLoss,0.4983586175029544
lossCurve,"[0.72445723656373484, 0.57669199894588175, 0.56209364368495129, 0.54947218132494358, 0.54680755706728279, 0.54389058483185981, 0.5333721585433947, 0.52865981082879354, 0.52595555076781764, 0.5234266014630603, 0.52152743538370783, 0.52430304850908493, 0.52158897257370618, 0.5173109225912863, 0.51238438388748786, 0.5071705290520141, 0.50842107648697987, 0.50289044013550199, 0.50270082096527091, 0.50066792644534441, 0.50093385821408998, 0.49635001148202629, 0.49415365970284186, 0.49179880976890472, 0.49311393893454969, 0.49643340275797732, 0.4983586175029544]"
accuracy_score,0.6941580756013745
confusion_matrix,"[[2730  300   76]
 [1071  749   13]
 [ 403    6  763]]"
classification_report,"             precision    recall  f1-score   support

          A       0.65      0.88      0.75      3106
          B       0.71      0.41      0.52      1833
          C       0.90      0.65      0.75      1172

avg / total       0.71      0.69      0.68      6111
"
