param,value
trainingTime,32.46
predictTime,0.03579306602478027
score,0.6738215488215489
TrainingLoss,0.6025281835416972
lossCurve,"[0.79914708073116392, 0.63805081008729025, 0.62902967943768351, 0.62607353658995712, 0.6244087237478444, 0.62319094594079405, 0.62219842795585822, 0.62133942225417815, 0.62057428292748562, 0.61988163871640434, 0.61923540340466388, 0.61864728849336859, 0.61810169803671067, 0.61758558499030092, 0.61709494708449819, 0.61664121856365284, 0.61621004894102938, 0.61579612828108132, 0.61540734324977775, 0.61502598930071506, 0.61466182651019896, 0.61431379414597087, 0.61397907961559739, 0.613658816972527, 0.61334657303027329, 0.61304174234417519, 0.61275520506688297, 0.61246904215281339, 0.61219607556229771, 0.61193135580923941, 0.61167010576266478, 0.611416693037797, 0.61117342505708117, 0.61093618348246292, 0.61070053137519997, 0.61047591103125776, 0.61025618110950042, 0.61004059550766621, 0.60982965124947575, 0.60962617521944196, 0.60942197681206711, 0.60922451189026694, 0.60903069101488594, 0.60884267682885063, 0.60865279348232704, 0.60847365300171807, 0.60829112888638337, 0.60811904803684125, 0.60795002173017143, 0.6077823437357347, 0.60761531949589787, 0.60745482320353095, 0.60729328460682896, 0.60713629273804359, 0.60698238900004631, 0.60683104287540246, 0.60668089466194652, 0.60653464436588034, 0.60638902797480221, 0.60624506043762771, 0.60610614712203259, 0.60596623336625077, 0.605831712412781, 0.60569743081987781, 0.60556494260051252, 0.60543461883824656, 0.60530571780622633, 0.60517691879792701, 0.60505201501290817, 0.60492759335085056, 0.60480402551710433, 0.60468520915639801, 0.60456510452098133, 0.60444600680159888, 0.60433214853546202, 0.60421492796446585, 0.6040996091154478, 0.60399011939897784, 0.60387513882435984, 0.60376689184759647, 0.60365545066703219, 0.60354777695140471, 0.60344219854110881, 0.60333460878501965, 0.60322743699903603, 0.60312609002953954, 0.60302322538154585, 0.60292343983126517, 0.60282111042110931, 0.60272393833629523, 0.60262576612502516, 0.60252818354169724]"
accuracy_score,0.6679757813778432
confusion_matrix,"[[2643  164  299]
 [1391  421   21]
 [ 141   13 1018]]"
classification_report,"             precision    recall  f1-score   support

          A       0.63      0.85      0.73      3106
          B       0.70      0.23      0.35      1833
          C       0.76      0.87      0.81      1172

avg / total       0.68      0.67      0.63      6111
"
