param,value
trainingTime,171.53
predictTime,0.5949230194091797
score,0.502104377104377
TrainingLoss,1.0249744195889514
lossCurve,"[1.0276985203736324, 1.026925152052625, 1.0261895267271426, 1.0265846344316538, 1.0257299259625459, 1.0263197423806651, 1.0260770178497196, 1.0268121741921852, 1.025802169028915, 1.0253436839168577, 1.0252360825295712, 1.0252967108151554, 1.0253047766512371, 1.0253210910199866, 1.0250549804240863, 1.0250337579503772, 1.0250309165233129, 1.0250168073872263, 1.0249867548538556, 1.0249894155956218, 1.0249875743957717, 1.0249772941313107, 1.0249772059602507, 1.0249768824290415, 1.0249749755849618, 1.0249748530898948, 1.0249749467015852, 1.0249745344760366, 1.0249745268129031, 1.0249745485517954, 1.0249744416150814, 1.0249744378636472, 1.0249744392222113, 1.0249744194431196, 1.0249744186009437, 1.0249744195889514]"
accuracy_score,0.508263786614302
confusion_matrix,"[[3106    0    0]
 [1833    0    0]
 [1172    0    0]]"
classification_report,"             precision    recall  f1-score   support

          A       0.51      1.00      0.67      3106
          B       0.00      0.00      0.00      1833
          C       0.00      0.00      0.00      1172

avg / total       0.26      0.51      0.34      6111
"
