param,value
trainingTime,10.76
predictTime,0.037880897521972656
TrainingLoss,0.010099487656897296
lossCurve,"[0.52795557092657253, 0.13735822033009532, 0.073871460125333729, 0.052241423329647367, 0.041614845134418092, 0.035280025440698387, 0.031246965278153883, 0.028322325309691327, 0.026087549112382164, 0.024268089956281661, 0.022894220832614148, 0.02173971813302622, 0.020800775468300732, 0.019880006205161671, 0.01919300305679723, 0.018546031898829748, 0.017899482117820213, 0.017407170291435577, 0.016932932000780651, 0.0165246399563054, 0.016122384222672901, 0.015710782560847823, 0.015442253617880408, 0.015091057996001868, 0.014826122729645954, 0.014558334065285299, 0.014308945099311113, 0.014050236110076471, 0.013823274362032642, 0.0136055341004046, 0.01339427813257326, 0.013236758956150629, 0.013031039069699671, 0.012860311795010734, 0.012667659286616549, 0.012558928185367739, 0.012392910679685665, 0.012240625760436235, 0.012095821947327187, 0.011954601506712528, 0.011852923938637867, 0.011709226880571456, 0.01159832125987169, 0.011474529069468435, 0.011359358919952196, 0.0112512109280513, 0.011140166406655645, 0.011039636738649711, 0.0109506534897736, 0.010855067615437379, 0.010745484146528103, 0.010672293078424998, 0.010587323701689676, 0.010464126743642646, 0.010443618228980912, 0.010309805074379109, 0.010252496433648117, 0.010185130002756474, 0.010099487656897296]"
accuracy_score,0.997643362136685
confusion_matrix,"[[2550    5    2]
 [   1 1554    1]
 [   3    0  976]]"
classification_report,"             precision    recall  f1-score   support

         PC       1.00      1.00      1.00      2557
        NTP       1.00      1.00      1.00      1556
        AFP       1.00      1.00      1.00       979

avg / total       1.00      1.00      1.00      5092
"
